Id,ActivityDate,edit_TotalSteps,editRatio_tSteps_tDist,edit_TotalDistance,TrackerDistance,VeryActiveMinutes,FairlyActiveMinutes,LightlyActiveMinutes,SedentaryMinutes,edit_TotalMinutes,Calories
5577150313,4/5/2016,5206,"1,338","3,890","389,000,010,490,417",25,9,141,631,806,2755
5553957443,4/5/2016,4249,"1,534","2,770","276,999,998,092,651",0,0,224,651,875,1698
2026352035,4/5/2016,6564,"1,613","4,070","407,000,017,166,138",0,0,345,530,875,1658
8378563200,4/5/2016,7875,"1,262","6,240","623,999,977,111,816",19,10,167,680,876,3110
4020332650,4/5/2016,10252,"1,395","7,350","734,999,990,463,257",13,46,346,531,936,3879
4388161847,4/5/2016,12375,"1,300","9,520","952,000,045,776,367",35,21,251,632,939,3162
8792009665,4/5/2016,2283,"1,564","1,460","146,000,003,814,697",0,0,129,848,977,2067
6962181067,4/5/2016,10147,"1,512","6,710","671,000,003,814,697",15,36,284,683,1018,2086
4702921684,4/5/2016,8161,"1,233","6,620","661,999,988,555,908",4,15,251,757,1027,3004
7086361926,4/5/2016,10988,"1,322","8,310","83,100,004,196,167",45,12,135,843,1035,2655
4445114986,4/5/2016,2923,"1,491","1,960","196,000,003,814,697",0,0,180,897,1077,2070
3977333714,4/5/2016,13559,"1,436","9,440","94,399,995,803,833",14,96,142,852,1104,1628
6117666160,4/5/2016,2997,"1,326","2,260","225,999,999,046,326",0,0,156,1279,1435,1902
8877689391,4/5/2016,18193,"1,116","16,300","162,999,992,370,605",66,8,212,1154,1440,3477
8583815059,4/5/2016,3588,"1,281","2,800","279,999,995,231,628",0,0,0,1440,1440,2516
8053475328,4/5/2016,14581,"1,308","11,150","111,499,996,185,303",89,8,123,1220,1440,2918
6290855005,4/5/2016,5832,"1,322","4,410","440,999,984,741,211",0,0,272,1168,1440,2718
1644430081,4/5/2016,2309,"1,374","1,680","167,999,994,754,791",0,0,52,1388,1440,2222
2022484408,4/5/2016,11768,"1,420","8,290","828,999,996,185,303",36,27,272,1105,1440,2649
1927972279,4/5/2016,1786,"1,440","1,240","124,000,000,953,674",0,0,87,1353,1440,2338
2320127002,4/5/2016,12010,"1,483","8,100","810,000,002,384,186",0,0,52,1388,1440,1426
4319703577,4/5/2016,10429,"1,486","7,020","701,999,998,092,651",8,13,313,1106,1440,2282
2873212765,4/5/2016,8278,"1,489","5,560","555,999,994,277,954",0,0,420,1020,1440,2015
4558609924,4/5/2016,5232,"1,512","3,460","346,000,003,814,697",0,0,252,1188,1440,1842
1844505072,4/5/2016,2080,"1,518","1,370","137,000,000,476,837",0,0,87,1353,1440,1549
1624580081,4/5/2016,2193,"1,534","1,430","142,999,994,754,791",0,0,118,1322,1440,1368
1503960366,4/5/2016,11100,"1,552","7,150","715,000,009,536,743",36,22,203,1179,1440,1819
1927972279,4/12/2016,6780,"1,443","4,700","469,999,998,807,907",0,0,55,734,789,2220
2026352035,4/12/2016,4414,"1,611","2,740","274,000,000,953,674",3,8,181,706,898,1459
8792009665,4/12/2016,2564,"1,563","1,640","163,999,998,569,489",0,0,116,831,947,2044
8378563200,4/12/2016,7626,"1,260","6,050","605,000,019,073,486",65,15,156,723,959,3635
7086361926,4/12/2016,11317,"1,346","8,410","840,999,984,741,211",59,6,153,745,963,2772
5577150313,4/12/2016,8135,"1,338","6,080","607,999,992,370,605",86,16,140,728,970,3405
3977333714,4/12/2016,8856,"1,481","5,980","598,000,001,907,349",44,19,131,777,971,1450
4702921684,4/12/2016,7213,"1,227","5,880","588,000,011,444,092",0,0,263,718,981,2947
4445114986,4/12/2016,3276,"1,489","2,200","220,000,004,768,372",0,0,196,787,983,2113
6962181067,4/12/2016,10199,"1,513","6,740","673,999,977,111,816",50,14,189,796,1049,1994
4020332650,4/12/2016,8539,"1,395","6,120","611,999,988,555,908",4,15,331,712,1062,3654
5553957443,4/12/2016,11596,"1,532","7,570","757,000,017,166,138",19,13,277,767,1076,2026
1503960366,4/12/2016,13162,"1,548","8,500",8.5,25,13,328,728,1094,1985
2347167796,4/12/2016,10113,"1,481","6,830","682,999,992,370,605",28,13,320,964,1325,2344
8877689391,4/12/2016,23186,"1,137","20,400","203,999,996,185,303",85,7,312,1036,1440,3921
8253242879,4/12/2016,9033,"1,262","7,160","715,999,984,741,211",40,2,154,1244,1440,2044
8053475328,4/12/2016,18060,"1,279","14,120","141,199,998,855,591",116,8,123,1193,1440,3186
8583815059,4/12/2016,5014,"1,282","3,910","391,000,008,583,069",0,7,196,1237,1440,2650
4388161847,4/12/2016,10122,"1,301","7,780","778,000,020,980,835",0,0,0,1440,1440,2955
6290855005,4/12/2016,4562,"1,322","3,450","345,000,004,768,372",0,0,199,1241,1440,2560
4057192912,4/12/2016,5394,"1,338","4,030","403,000,020,980,835",0,0,164,1276,1440,2286
1644430081,4/12/2016,10694,"1,376","7,770","776,999,998,092,651",2,51,256,1131,1440,3199
7007744171,4/12/2016,14172,"1,377","10,290","947,999,954,223,633",53,8,355,1024,1440,2937
2022484408,4/12/2016,11875,"1,424","8,340","834,000,015,258,789",42,14,227,1157,1440,2390
2320127002,4/12/2016,10725,"1,432","7,490","748,999,977,111,816",13,9,306,1112,1440,2124
3372868164,4/12/2016,4747,"1,465","3,240","324,000,000,953,674",0,0,280,1160,1440,1788
2873212765,4/12/2016,8796,"1,488","5,910","590,999,984,741,211",2,21,356,1061,1440,1982
4319703577,4/12/2016,7753,"1,491","5,200","519,999,980,926,514",0,0,0,1440,1440,2115
1844505072,4/12/2016,6697,"1,512","4,430","442,999,982,833,862",0,0,339,1101,1440,2030
4558609924,4/12/2016,5135,"1,515","3,390","339,000,010,490,417",0,0,318,1122,1440,1909
1624580081,4/12/2016,8163,"1,537","5,310","530,999,994,277,954",0,0,146,1294,1440,1432
6962181067,4/13/2016,5652,"1,511","3,740","374,000,000,953,674",8,24,142,548,722,1718
5553957443,4/13/2016,4832,"1,529","3,160","316,000,008,583,069",0,0,226,647,873,1718
8792009665,4/13/2016,13200,"1,571","8,400","839,999,973,773,956",0,0,82,806,888,1934
2026352035,4/13/2016,4993,"1,611","3,100","309,999,990,463,257",0,0,238,663,901,1521
2347167796,4/13/2016,10352,"1,477","7,010","701,000,022,888,184",19,32,195,676,922,2038
5577150313,4/13/2016,5077,"1,340","3,790","378,999,996,185,303",15,11,144,776,946,2551
7086361926,4/13/2016,5813,"1,606","3,620","361,999,988,555,908",31,26,155,744,956,2516
8378563200,4/13/2016,12386,"1,261","9,820","981,999,969,482,422",116,14,169,680,979,4079
3977333714,4/13/2016,10035,"1,496","6,710","671,000,003,814,697",31,46,153,754,984,1495
1927972279,4/13/2016,3560,"1,424","2,500",0.25,0,0,32,986,1018,2151
1503960366,4/13/2016,10735,"1,540","6,970","696,999,979,019,165",21,19,217,776,1033,1797
4445114986,4/13/2016,2961,"1,488","1,990","199,000,000,953,674",0,0,194,840,1034,2095
4702921684,4/13/2016,6877,"1,232","5,580","557,999,992,370,605",0,0,258,777,1035,2898
6775888955,4/13/2016,4053,"1,393","2,910","291,000,008,583,069",17,18,85,1053,1173,2400
4319703577,4/13/2016,8204,"1,492","5,500",5.5,8,15,96,1234,1353,2135
8053475328,4/13/2016,16433,"1,231","13,350","133,500,003,814,697",95,12,156,1177,1440,3140
8583815059,4/13/2016,5571,"1,281","4,350","434,999,990,463,257",2,23,163,1252,1440,2654
4388161847,4/13/2016,10993,"1,301","8,450","844,999,980,926,514",1,14,150,1275,1440,3092
8253242879,4/13/2016,8053,"1,320","6,100","609,999,990,463,257",35,11,96,1298,1440,1935
6290855005,4/13/2016,7142,"1,323","5,400","540,000,009,536,743",0,0,350,1090,1440,2905
7007744171,4/13/2016,12862,"1,333","9,650","860,000,038,146,973",56,22,261,1101,1440,2742
4057192912,4/13/2016,5974,"1,336","4,470","446,999,979,019,165",0,0,160,1280,1440,2306
1644430081,4/13/2016,8001,"1,375","5,820","582,000,017,166,138",30,16,135,1259,1440,2902
2022484408,4/13/2016,12024,"1,415","8,500",8.5,43,5,292,1100,1440,2601
3372868164,4/13/2016,9715,"1,465","6,630","663,000,011,444,092",16,8,371,1045,1440,2093
2320127002,4/13/2016,7275,"1,485","4,900","490,000,009,536,743",0,0,335,1105,1440,2003
2873212765,4/13/2016,7618,"1,488","5,120","511,999,988,555,908",0,8,404,1028,1440,2004
1844505072,4/13/2016,4929,"1,512","3,260","325,999,999,046,326",0,0,248,1192,1440,1860
4558609924,4/13/2016,4978,"1,513","3,290","328,999,996,185,303",19,7,127,1287,1440,1722
1624580081,4/13/2016,7007,"1,540","4,550","455,000,019,073,486",0,0,148,1292,1440,1411
8877689391,4/13/2016,15337,"1,601","9,580","957,999,992,370,605",108,18,216,1098,1440,3566
2026352035,4/14/2016,3335,"1,611","2,070","20,699,999,332,428",0,0,197,653,850,1431
8792009665,4/14/2016,12190,"1,563","7,800","779,999,971,389,771",0,0,84,853,937,1963
4319703577,4/14/2016,10210,"1,484","6,880","688,000,011,444,092",1,9,339,589,938,2302
4445114986,4/14/2016,3974,"1,488","2,670","267,000,007,629,395",0,0,231,717,948,2194
6962181067,4/14/2016,1551,"1,506","1,030","102,999,997,138,977",0,0,86,862,948,1466
2347167796,4/14/2016,10129,"1,512","6,700","669,999,980,926,514",1,48,206,705,960,2010
5577150313,4/14/2016,8596,"1,339","6,420","642,000,007,629,395",118,30,176,662,986,4022
6775888955,4/14/2016,5162,"1,395","3,700","370,000,004,768,372",14,24,105,863,1006,2507
8378563200,4/14/2016,13318,"1,261","10,560","105,600,004,196,167",123,21,174,699,1017,4163
4702921684,4/14/2016,7860,"1,234","6,370","636,999,988,555,908",0,0,271,772,1043,2984
7086361926,4/14/2016,9123,"1,491","6,120","611,999,988,555,908",35,32,189,787,1043,2734
3977333714,4/14/2016,7641,"1,495","5,110","51,100,001,335,144",5,23,214,801,1043,1433
5553957443,4/14/2016,17022,"1,531","11,120","111,199,998,855,591",61,41,256,693,1051,2324
4388161847,4/14/2016,8863,"1,300","6,820","682,000,017,166,138",10,35,219,945,1209,2998
1844505072,4/14/2016,7937,"1,512","5,250",5.25,0,0,373,843,1216,2130
1927972279,4/14/2016,2163,"1,442","1,500",1.5,0,9,88,1292,1389,2383
4020332650,4/14/2016,10800,"1,350","8,000","799,999,982,118,607",0,0,3,1437,1440,2011
8583815059,4/14/2016,3135,"1,280","2,450","245,000,004,768,372",0,0,134,1306,1440,2443
6290855005,4/14/2016,7671,"1,323","5,800","580,000,019,073,486",0,0,363,1077,1440,2952
7007744171,4/14/2016,11179,"1,357","8,240","748,000,001,907,349",34,6,304,1096,1440,2668
1644430081,4/14/2016,11037,"1,376","8,020","802,000,045,776,367",5,58,252,1125,1440,3226
3372868164,4/14/2016,8844,"1,467","6,030","603,000,020,980,835",6,25,370,1039,1440,2065
2320127002,4/14/2016,3973,"1,482","2,680","26,800,000,667,572",0,0,191,1249,1440,1696
2873212765,4/14/2016,7910,"1,487","5,320","532,000,017,166,138",0,0,331,1109,1440,1893
8253242879,4/14/2016,5234,"1,513","3,460","346,000,003,814,697",29,16,33,1362,1440,1705
4558609924,4/14/2016,6799,"1,514","4,490","448,999,977,111,816",0,0,279,1161,1440,1922
1624580081,4/14/2016,9107,"1,538","5,920","592,000,007,629,395",0,0,236,1204,1440,1572
1503960366,4/14/2016,10460,"1,552","6,740","673,999,977,111,816",30,11,181,1218,1440,1776
8877689391,4/14/2016,21129,"1,113","18,980","189,799,995,422,363",68,13,298,1061,1440,3793
8053475328,4/14/2016,20159,"1,262","15,970","159,700,002,670,288",119,5,193,1123,1440,3411
2022484408,4/14/2016,10690,"1,425","7,500",7.5,32,3,257,1148,1440,2312
1844505072,4/15/2016,3844,"1,513","2,540","253,999,996,185,303",0,0,176,527,703,1725
2026352035,4/15/2016,3821,"1,612","2,370","236,999,988,555,908",0,0,188,687,875,1444
3977333714,4/15/2016,9010,"1,487","6,060","605,999,994,277,954",15,42,183,644,884,1468
4057192912,4/15/2016,3984,"1,351","2,950","295,000,004,768,372",3,6,88,873,970,1527
4319703577,4/15/2016,5664,"1,491","3,800","379,999,995,231,628",0,0,228,752,980,1985
1927972279,4/15/2016,9800,"1,441","6,800","680,000,007,152,557",0,0,51,941,992,2221
1503960366,4/15/2016,9762,"1,554","6,280","628,000,020,980,835",29,34,209,726,998,1745
8378563200,4/15/2016,14461,"1,261","11,470","114,700,002,670,288",60,23,190,729,1002,3666
5553957443,4/15/2016,16556,"1,524","10,860","108,599,996,566,772",58,38,239,689,1024,2254
2347167796,4/15/2016,10465,"1,512","6,920","692,000,007,629,395",1,24,284,720,1029,2133
6775888955,4/15/2016,12820,"1,393","9,200","920,000,016,689,301",0,0,58,976,1034,2127
6962181067,4/15/2016,5563,"1,512","3,680","36,800,000,667,572",0,0,217,837,1054,1756
7086361926,4/15/2016,8585,"1,514","5,670","567,000,007,629,395",30,21,139,864,1054,2395
4445114986,4/15/2016,7198,"1,490","4,830","482,999,992,370,605",0,0,350,711,1061,2496
5577150313,4/15/2016,12087,"1,331","9,080","907,999,992,370,605",115,54,199,695,1063,4005
8792009665,4/15/2016,2483,"1,562","1,590","15,900,000,333,786",0,0,126,937,1063,2009
4388161847,4/15/2016,8758,"1,301","6,730","673,000,001,907,349",0,0,299,837,1136,3066
4702921684,4/15/2016,6506,"1,232","5,280","528,000,020,980,835",1,8,256,944,1209,2896
1624580081,4/15/2016,15100,"1,541","9,800","980,000,019,073,486",0,0,96,1344,1440,1344
8583815059,4/15/2016,3430,"1,280","2,680","26,800,000,667,572",0,0,65,1375,1440,2505
6290855005,4/15/2016,9501,"1,323","7,180","717,999,982,833,862",0,0,328,1112,1440,2896
6117666160,4/15/2016,14019,"1,324","10,590","105,900,001,525,879",0,6,513,921,1440,2865
2022484408,4/15/2016,11034,"1,374","8,030","802,999,973,297,119",27,9,282,1122,1440,2525
1644430081,4/15/2016,5263,"1,374","3,830","382,999,992,370,605",3,4,170,1263,1440,2750
4020332650,4/15/2016,1882,"1,394","1,350","135,000,002,384,186",36,18,87,1299,1440,2951
3372868164,4/15/2016,7451,"1,467","5,080","507,999,992,370,605",0,0,335,1105,1440,1908
2320127002,4/15/2016,5205,"1,483","3,510","350,999,999,046,326",0,0,245,1195,1440,1801
2873212765,4/15/2016,8482,"1,488","5,700","569,999,980,926,514",0,0,448,992,1440,2063
7007744171,4/15/2016,5273,"1,494","3,530","352,999,997,138,977",0,0,202,1238,1440,2098
8253242879,4/15/2016,2672,"1,510","1,770","176,999,998,092,651",0,0,105,1335,1440,1632
4558609924,4/15/2016,7795,"1,514","5,150","515,000,009,536,743",17,30,262,1131,1440,2121
8877689391,4/15/2016,13422,"1,872","7,170","717,000,007,629,395",106,1,281,1052,1440,3934
8053475328,4/15/2016,20669,"1,273","16,240","162,399,997,711,182",132,8,158,1142,1440,3410
8378563200,4/16/2016,11207,"1,261","8,890","889,000,034,332,275",64,21,142,563,790,3363
5553957443,4/16/2016,5771,"1,531","3,770","376,999,998,092,651",0,0,288,521,809,1831
5577150313,4/16/2016,14269,"1,339","10,660","106,599,998,474,121",184,56,158,472,870,4274
4388161847,4/16/2016,6580,"1,300","5,060","505,999,994,277,954",6,9,253,609,877,3073
2026352035,4/16/2016,2547,"1,612","1,580","158,000,004,291,534",0,0,150,728,878,1373
4702921684,4/16/2016,11140,"1,234","9,030","902,999,973,297,119",3,24,335,556,918,3328
4319703577,4/16/2016,4744,"1,492","3,180","31,800,000,667,572",0,0,194,724,918,1884
3977333714,4/16/2016,13459,"1,495","9,000",9,31,83,153,663,930,1625
4445114986,4/16/2016,3945,"1,489","2,650","265,000,009,536,743",0,0,225,716,941,2180
1503960366,4/16/2016,12669,"1,553","8,160","815,999,984,741,211",36,10,221,773,1040,1863
6117666160,4/16/2016,14450,"1,324","10,910","109,099,998,474,121",7,15,518,502,1042,2828
6962181067,4/16/2016,13217,"1,512","8,740","873,999,977,111,816",50,3,280,741,1074,2173
7007744171,4/16/2016,4631,"1,494","3,100","309,999,990,463,257",0,0,203,1155,1358,2076
4020332650,4/16/2016,1982,"1,396","1,420","141,999,995,708,466",65,21,55,1222,1363,3051
2347167796,4/16/2016,22244,"1,475","15,080","150,799,999,237,061",66,72,268,968,1374,2670
7086361926,4/16/2016,31,3,"10,000","999,999,977,648,258",0,0,3,1437,1440,1635
8792009665,4/16/2016,2440,"1,525","1,600","159,999,996,423,721",0,0,12,1428,1440,1721
8583815059,4/16/2016,5319,"1,282","4,150","415,000,009,536,743",0,0,0,1440,1440,2693
6290855005,4/16/2016,8301,"1,322","6,280","628,000,020,980,835",0,0,258,1182,1440,2783
6775888955,4/16/2016,4732,"1,396","3,390","339,000,010,490,417",36,18,9,1377,1440,2225
2022484408,4/16/2016,10100,"1,425","7,090","709,000,015,258,789",41,11,151,1237,1440,2177
2873212765,4/16/2016,9685,"1,456","6,650","665,000,009,536,743",47,1,305,1087,1440,2148
3372868164,4/16/2016,6905,"1,460","4,730","473,000,001,907,349",0,0,356,1084,1440,1908
2320127002,4/16/2016,5057,"1,483","3,410","341,000,008,583,069",0,0,195,1245,1440,1724
8253242879,4/16/2016,9256,"1,507","6,140","61,399,998,664,856",6,51,115,1268,1440,1880
1844505072,4/16/2016,3414,"1,511","2,260","225,999,999,046,326",0,0,147,1293,1440,1657
4558609924,4/16/2016,7289,"1,512","4,820","482,000,017,166,138",8,12,308,1112,1440,1997
1624580081,4/16/2016,5370,"1,539","3,490","349,000,000,953,674",0,0,176,1264,1440,1463
8877689391,4/16/2016,29326,"1,160","25,290","252,900,009,155,273",94,29,429,888,1440,4547
8053475328,4/16/2016,14549,"1,310","11,110","111,099,996,566,772",96,6,83,1255,1440,2867
1644430081,4/16/2016,15300,"1,376","11,120","111,199,998,855,591",51,42,212,1135,1440,3493
8378563200,4/17/2016,2132,"1,262","1,690","169,000,005,722,046",0,0,93,599,692,2572
1503960366,4/17/2016,9705,"1,498","6,480","648,000,001,907,349",38,20,164,539,761,1728
2347167796,4/17/2016,5472,"1,512","3,620","361,999,988,555,908",1,7,249,508,765,1882
4702921684,4/17/2016,12692,"1,233","10,290","10,289,999,961,853",12,66,302,437,817,3394
3977333714,4/17/2016,10415,"1,494","6,970","696,999,979,019,165",11,58,205,600,874,1529
5577150313,4/17/2016,12231,"1,338","9,140","914,000,034,332,275",200,37,159,525,921,4552
4388161847,4/17/2016,4660,"1,302","3,580","357,999,992,370,605",0,0,201,721,922,2572
6962181067,4/17/2016,10145,"1,512","6,710","671,000,003,814,697",5,13,295,634,947,2027
5553957443,4/17/2016,6550,"1,523","4,300","430,000,007,152,557",0,0,46,943,989,1397
6117666160,4/17/2016,7150,"1,324","5,400","540,000,009,536,743",0,0,312,702,1014,2225
2026352035,4/17/2016,8380,"1,612","5,200","519,999,980,926,514",0,0,60,1053,1113,1214
4445114986,4/17/2016,2268,"1,492","1,520","151,999,998,092,651",0,0,114,1219,1333,1933
4319703577,4/17/2016,2900,"1,450","2,000","199,999,995,529,652",0,0,3,1363,1366,1464
4020332650,4/17/2016,16,2,"10,000","999,999,977,648,258",0,0,2,1438,1440,1990
8583815059,4/17/2016,3008,"1,280","2,350","234,999,990,463,257",0,0,0,1440,1440,2439
8253242879,4/17/2016,10204,"1,290","7,910","790,999,984,741,211",41,5,157,1237,1440,2112
6290855005,4/17/2016,7851,"1,322","5,940","594,000,005,722,046",31,12,225,1172,1440,3171
1644430081,4/17/2016,8757,"1,375","6,370","636,999,988,555,908",29,13,186,1212,1440,3011
3372868164,4/17/2016,8199,"1,394","5,880","588,000,011,444,092",11,2,322,1105,1440,1964
6775888955,4/17/2016,2497,"1,395","1,790","178,999,996,185,303",5,24,19,1392,1440,2067
2320127002,4/17/2016,6198,"1,483","4,180","417,999,982,833,862",0,0,249,1191,1440,1852
2873212765,4/17/2016,2524,"1,485","1,700","170,000,004,768,372",0,8,160,1272,1440,1529
7007744171,4/17/2016,8059,"1,495","5,390","53,899,998,664,856",0,0,305,1135,1440,2383
4558609924,4/17/2016,9634,"1,505","6,400","640,000,009,536,743",7,19,304,1110,1440,2117
1844505072,4/17/2016,4525,"1,513","2,990","299,000,000,953,674",2,8,199,1231,1440,1793
1624580081,4/17/2016,6175,"1,521","4,060","405,999,994,277,954",15,22,127,1276,1440,1554
8877689391,4/17/2016,15118,"1,704","8,870","886,999,988,555,908",58,15,307,1060,1440,3545
2022484408,4/17/2016,15112,"1,326","11,400","113,999,996,185,303",28,29,331,1052,1440,2782
8053475328,4/17/2016,18827,"1,375","13,690","136,899,995,803,833",111,21,195,1113,1440,3213
5553957443,4/18/2016,3727,"1,534","2,430","24,300,000,667,572",0,0,206,622,828,1683
4319703577,4/18/2016,2276,"1,468","1,550","154,999,995,231,628",1,9,58,824,892,1632
5577150313,4/18/2016,9893,"1,339","7,390","73,899,998,664,856",114,32,130,623,899,3625
2347167796,4/18/2016,8247,"1,513","5,450","544,999,980,926,514",11,16,206,678,911,1944
3977333714,4/18/2016,11663,"1,495","7,800","780,000,019,073,486",4,95,214,605,918,1584
6962181067,4/18/2016,11404,"1,512","7,540","753,999,996,185,303",13,42,238,689,982,2039
6117666160,4/18/2016,5153,"1,318","3,910","391,000,008,583,069",0,0,241,759,1000,2018
8378563200,4/18/2016,13630,"1,261","10,810","108,100,004,196,167",117,10,174,720,1021,4157
4702921684,4/18/2016,9105,"1,234","7,380","738,000,011,444,092",22,30,191,890,1133,3013
2026352035,4/18/2016,3325,"1,614","2,060","205,999,994,277,954",0,0,182,1062,1244,1419
4388161847,4/18/2016,11009,"1,210","9,100","910,000,038,146,973",27,8,239,1017,1291,3274
7086361926,4/18/2016,9827,"1,465","6,710","671,000,003,814,697",61,51,114,1136,1362,2743
4020332650,4/18/2016,6200,"1,550","4,000","399,999,991,059,303",0,0,2,1438,1440,1995
1927972279,4/18/2016,2440,"1,435","1,700","170,000,001,788,139",0,0,17,1423,1440,2111
8583815059,4/18/2016,3864,"1,284","3,010","300,999,999,046,326",4,22,105,1309,1440,2536
8877689391,4/18/2016,11423,"1,318","8,670","867,000,007,629,395",29,5,191,1215,1440,2761
6290855005,4/18/2016,6885,"1,321","5,210","521,000,003,814,697",0,0,271,1169,1440,2766
7007744171,4/18/2016,14816,"1,349","10,980","990,999,984,741,211",48,31,284,1077,1440,2832
1644430081,4/18/2016,7132,"1,374","5,190","519,000,005,722,046",15,33,121,1271,1440,2806
6775888955,4/18/2016,8294,"1,394","5,950","594,999,980,926,514",30,31,146,1233,1440,2798
2022484408,4/18/2016,14131,"1,403","10,070","100,699,996,948,242",48,3,311,1078,1440,2770
1624580081,4/18/2016,10536,"1,422","7,410","740,999,984,741,211",17,7,202,1214,1440,1604
4445114986,4/18/2016,6155,"1,452","4,240","423,999,977,111,816",25,6,162,1247,1440,2248
3372868164,4/18/2016,6798,"1,465","4,640","46,399,998,664,856",20,7,343,1070,1440,2014
8253242879,4/18/2016,5151,"1,480","3,480","348,000,001,907,349",16,16,130,1278,1440,1829
2873212765,4/18/2016,7762,"1,481","5,240","523,999,977,111,816",1,6,311,1122,1440,1890
2320127002,4/18/2016,6559,"1,484","4,420","442,000,007,629,395",0,7,260,1173,1440,1905
1844505072,4/18/2016,4597,"1,512","3,040","303,999,996,185,303",0,12,217,1211,1440,1814
4558609924,4/18/2016,8940,"1,513","5,910","590,999,984,741,211",14,15,331,1080,1440,2116
1503960366,4/18/2016,13019,"1,516","8,590","859,000,015,258,789",42,16,233,1149,1440,1921
8053475328,4/18/2016,17076,"1,349","12,660","126,599,998,474,121",102,6,195,1137,1440,3133
6117666160,4/19/2016,11135,"1,324","8,410","840,999,984,741,211",0,0,480,425,905,2606
4319703577,4/19/2016,8925,"1,490","5,990","598,999,977,111,816",0,0,311,604,915,2200
2026352035,4/19/2016,2424,"1,616","1,500",1.5,0,0,141,785,926,1356
6962181067,4/19/2016,10742,"1,513","7,100","709,999,990,463,257",35,41,195,659,930,2046
7086361926,4/19/2016,10688,"1,466","7,290","728,999,996,185,303",67,69,124,671,931,2944
4702921684,4/19/2016,6708,"1,233","5,440","544,000,005,722,046",10,8,179,757,954,2812
5577150313,4/19/2016,12574,"1,335","9,420","942,000,007,629,395",108,23,111,733,975,3501
4388161847,4/19/2016,10181,"1,300","7,830","782,999,992,370,605",20,16,249,704,989,3015
4445114986,4/19/2016,2064,"1,485","1,390","138,999,998,569,489",0,0,121,895,1016,1954
8378563200,4/19/2016,13070,"1,262","10,360","103,599,996,566,772",120,19,154,737,1030,4092
2347167796,4/19/2016,6711,"1,511","4,440","444,000,005,722,046",0,7,382,648,1037,2346
3977333714,4/19/2016,12414,"1,414","8,780","877,999,973,297,119",19,67,221,738,1045,1638
5553957443,4/19/2016,15482,"1,531","10,110","101,099,996,566,772",69,28,249,756,1102,2284
1503960366,4/19/2016,15506,"1,569","9,880","988,000,011,444,092",50,31,264,775,1120,2035
1844505072,4/19/2016,1970,"1,515","1,300","129,999,995,231,628",0,0,10,1430,1440,1366
8583815059,4/19/2016,5697,"1,283","4,440","444,000,005,722,046",7,10,166,1257,1440,2668
6290855005,4/19/2016,7142,"1,323","5,400","540,000,009,536,743",0,0,321,1119,1440,2839
2022484408,4/19/2016,11548,"1,354","8,530","852,999,973,297,119",31,7,250,1152,1440,2489
7007744171,4/19/2016,14194,"1,354","10,480",9.5,53,17,304,1066,1440,2812
1644430081,4/19/2016,11256,"1,376","8,180","818,000,030,517,578",5,58,278,1099,1440,3300
3372868164,4/19/2016,7711,"1,466","5,260","526,000,022,888,184",0,0,376,1064,1440,1985
2873212765,4/19/2016,7948,"1,480","5,370","536,999,988,555,908",0,0,389,1051,1440,1956
2320127002,4/19/2016,5997,"1,484","4,040","403,999,996,185,303",0,11,228,1201,1440,1811
4558609924,4/19/2016,5401,"1,513","3,570","35,699,999,332,428",1,9,248,1182,1440,1876
8253242879,4/19/2016,4212,"1,515","2,780","277,999,997,138,977",0,0,164,1276,1440,1763
1624580081,4/19/2016,2916,"1,535","1,900","189,999,997,615,814",0,0,141,1299,1440,1435
8877689391,4/19/2016,18785,"1,080","17,400","173,999,996,185,303",82,13,214,1131,1440,3676
8053475328,4/19/2016,15929,"1,276","12,480","124,799,995,422,363",90,7,191,1152,1440,3114
5553957443,4/20/2016,2713,"1,533","1,770","176,999,998,092,651",0,0,148,598,746,1570
8792009665,4/20/2016,3147,"1,566","2,010","200,999,999,046,326",0,10,139,744,893,2188
8053475328,4/20/2016,15108,"1,239","12,190","121,899,995,803,833",89,5,158,695,947,3043
2026352035,4/20/2016,7222,"1,612","4,480","448,000,001,907,349",0,0,327,623,950,1667
6117666160,4/20/2016,10449,"1,303","8,020","802,000,045,776,367",26,10,349,587,972,2536
4445114986,4/20/2016,2072,"1,491","1,390","138,999,998,569,489",0,0,137,841,978,1974
4388161847,4/20/2016,10553,"1,300","8,120","811,999,988,555,908",19,42,228,696,985,3083
6962181067,4/20/2016,13928,"1,458","9,550","955,000,019,073,486",48,4,297,639,988,2174
5577150313,4/20/2016,8330,"1,339","6,220","621,999,979,019,165",87,16,113,773,989,3192
4319703577,4/20/2016,8954,"1,490","6,010","601,000,022,888,184",0,18,306,671,995,2220
4702921684,4/20/2016,8793,"1,233","7,130","713,000,011,444,092",2,29,260,717,1008,3061
8378563200,4/20/2016,9388,"1,262","7,440","744,000,005,722,046",82,8,169,763,1022,3787
7086361926,4/20/2016,14365,"1,350","10,640","106,400,003,433,228",87,13,145,797,1042,2997
1503960366,4/20/2016,10544,"1,578","6,680","667,999,982,833,862",28,12,205,818,1063,1786
3977333714,4/20/2016,11658,"1,489","7,830","782,999,992,370,605",2,98,164,845,1109,1554
2347167796,4/20/2016,10999,"1,513","7,270","726,999,998,092,651",11,43,269,1011,1334,2198
1844505072,4/20/2016,8,1,"10,000","999,999,977,648,258",0,0,1,1439,1440,1349
8583815059,4/20/2016,5273,"1,283","4,110","41,100,001,335,144",0,27,167,1246,1440,2647
6290855005,4/20/2016,6361,"1,322","4,810","480,999,994,277,954",0,0,258,1182,1440,2701
1644430081,4/20/2016,2436,"1,376","1,770","176,999,998,092,651",0,0,125,1315,1440,2430
6775888955,4/20/2016,10771,"1,395","7,720","771,999,979,019,165",70,113,178,1079,1440,3727
2022484408,4/20/2016,15112,"1,416","10,670","106,700,000,762,939",48,63,276,1053,1440,2897
2873212765,4/20/2016,9202,"1,461","6,300","630,000,019,073,486",22,5,378,1035,1440,2094
3372868164,4/20/2016,4880,"1,465","3,330","332,999,992,370,605",15,3,274,1148,1440,1867
2320127002,4/20/2016,7192,"1,483","4,850","484,999,990,463,257",0,11,283,1146,1440,1922
8253242879,4/20/2016,6466,"1,514","4,270","426,999,998,092,651",5,18,216,1201,1440,1931
4558609924,4/20/2016,4803,"1,515","3,170","317,000,007,629,395",0,0,222,1218,1440,1788
1624580081,4/20/2016,4974,"1,540","3,230","323,000,001,907,349",0,0,151,1289,1440,1446
8877689391,4/20/2016,19948,"1,101","18,110","181,100,006,103,516",73,19,225,1123,1440,3679
7007744171,4/20/2016,15566,"1,376","11,310","104,099,998,474,121",60,33,347,1000,1440,3096
2026352035,4/21/2016,2467,"1,612","1,530","152,999,997,138,977",0,0,153,749,902,1370
6117666160,4/21/2016,19542,"1,302","15,010","150,100,002,288,818",11,19,294,579,903,4900
3977333714,4/21/2016,6093,"1,493","4,080","407,999,992,370,605",0,0,242,712,954,1397
4445114986,4/21/2016,3809,"1,488","2,560","255,999,994,277,954",0,0,215,756,971,2150
8378563200,4/21/2016,15148,"1,261","12,010","120,100,002,288,818",137,16,145,677,975,4236
7086361926,4/21/2016,9469,"1,532","6,180","617,999,982,833,862",19,6,206,758,989,2463
6962181067,4/21/2016,11835,"1,219","9,710","788,000,011,444,092",53,27,214,708,1002,2179
2347167796,4/21/2016,10080,"1,493","6,750",6.75,23,26,208,761,1018,2048
5577150313,4/21/2016,10830,"1,339","8,090","809,000,015,258,789",110,74,175,670,1029,4018
5553957443,4/21/2016,12346,"1,532","8,060","80,600,004,196,167",47,42,177,801,1067,2066
1503960366,4/21/2016,9819,"1,549","6,340","634,000,015,258,789",19,8,211,838,1076,1775
4702921684,4/21/2016,6530,"1,232","5,300","530,000,019,073,486",4,41,144,901,1090,2729
4388161847,4/21/2016,10055,"1,301","7,730","773,000,001,907,349",7,12,272,853,1144,3069
4319703577,4/21/2016,3702,"1,493","2,480","248,000,001,907,349",0,0,34,1265,1299,1792
4558609924,4/21/2016,13743,"1,514","9,080","907,999,992,370,605",6,21,432,844,1303,2486
8792009665,4/21/2016,14400,"1,600","9,000","900,000,035,762,787",0,0,9,1431,1440,1720
1644430081,4/21/2016,12230,"1,374","8,900","889,999,985,694,885",0,0,38,1402,1440,2140
8583815059,4/21/2016,8538,"1,282","6,660","665,999,984,741,211",35,18,158,1229,1440,2883
8253242879,4/21/2016,11268,"1,316","8,560","85,600,004,196,167",49,20,172,1199,1440,2218
2022484408,4/21/2016,12453,"1,425","8,740","873,999,977,111,816",104,53,255,1028,1440,3158
3372868164,4/21/2016,8857,"1,459","6,070","607,000,017,166,138",18,9,376,1037,1440,2124
2873212765,4/21/2016,8859,"1,481","5,980","598,000,001,907,349",2,10,371,1057,1440,1970
2320127002,4/21/2016,3404,"1,486","2,290","228,999,996,185,303",1,10,127,1302,1440,1610
7007744171,4/21/2016,13744,"1,496","9,190","91,899,995,803,833",30,34,327,1049,1440,2763
1844505072,4/21/2016,8054,"1,514","5,320","532,000,017,166,138",2,13,308,1117,1440,2062
1624580081,4/21/2016,6349,"1,537","4,130","413,000,011,444,092",0,0,186,1254,1440,1467
8877689391,4/21/2016,19377,"1,100","17,620","176,200,008,392,334",82,13,226,1119,1440,3659
8053475328,4/21/2016,16057,"1,284","12,510","125,100,002,288,818",100,6,170,1164,1440,3103
6117666160,4/22/2016,8206,"1,324","6,200","619,999,980,926,514",0,0,402,413,815,2409
2026352035,4/22/2016,2915,"1,610","1,810","180,999,994,277,954",0,0,162,712,874,1399
4319703577,4/22/2016,4500,"1,490","3,020","301,999,998,092,651",1,19,176,709,905,1886
6962181067,4/22/2016,10725,"1,513","7,090","709,000,015,258,789",30,33,240,659,962,2086
3977333714,4/22/2016,8911,"1,495","5,960","596,000,003,814,697",33,12,188,731,964,1481
4445114986,4/22/2016,6831,"1,491","4,580","457,999,992,370,605",0,0,317,706,1023,2432
2347167796,4/22/2016,7804,"1,512","5,160","515,999,984,741,211",9,27,206,781,1023,1946
7086361926,4/22/2016,9753,"1,494","6,530","653,000,020,980,835",58,59,153,762,1032,2846
8792009665,4/22/2016,4068,"1,565","2,600","259,999,990,463,257",1,20,195,817,1033,2419
8378563200,4/22/2016,12200,"1,262","9,670","967,000,007,629,395",113,12,159,769,1053,4044
5553957443,4/22/2016,11682,"1,531","7,630","763,000,011,444,092",25,16,270,781,1092,2105
5577150313,4/22/2016,9172,"1,339","6,850","684,999,990,463,257",62,30,200,823,1115,3329
4388161847,4/22/2016,12139,"1,300","9,340","934,000,015,258,789",77,25,220,945,1267,3544
4702921684,4/22/2016,1664,"1,233","1,350","135,000,002,384,186",0,0,72,1341,1413,2241
8053475328,4/22/2016,10520,"1,269","8,290","828,999,996,185,303",60,3,117,1260,1440,2655
8583815059,4/22/2016,8687,"1,281","6,780","678,000,020,980,835",4,54,212,1170,1440,2944
6290855005,4/22/2016,6238,"1,322","4,720","471,999,979,019,165",0,0,302,1138,1440,2796
1644430081,4/22/2016,3673,"1,376","2,670","267,000,007,629,395",0,0,86,1354,1440,2344
6775888955,4/22/2016,6370,"1,385","4,600","46,000,000,834,465",0,0,20,1420,1440,1922
2022484408,4/22/2016,12954,"1,388","9,330","932,999,992,370,605",52,10,273,1105,1440,2638
3372868164,4/22/2016,3843,"1,467","2,620","261,999,988,555,908",0,0,206,1234,1440,1669
2320127002,4/22/2016,5583,"1,485","3,760","375,999,999,046,326",0,0,266,1174,1440,1851
2873212765,4/22/2016,7286,"1,487","4,900","490,000,009,536,743",46,0,366,1028,1440,2241
1927972279,4/22/2016,1490,"1,490","1,000","100,000,001,490,116",0,0,10,1430,1440,2093
7007744171,4/22/2016,15299,"1,494","10,240","102,399,997,711,182",64,50,261,1065,1440,2889
8253242879,4/22/2016,2824,"1,510","1,870","187,000,000,476,837",0,0,120,1320,1440,1651
4558609924,4/22/2016,9601,"1,512","6,350","634,999,990,463,257",20,25,273,1122,1440,2094
1844505072,4/22/2016,5372,"1,513","3,550","354,999,995,231,628",0,0,220,1220,1440,1827
1624580081,4/22/2016,4026,"1,537","2,620","261,999,988,555,908",0,0,199,1241,1440,1470
1503960366,4/22/2016,12764,"1,570","8,130","813,000,011,444,092",66,27,130,1217,1440,1827
8877689391,4/22/2016,18258,"1,119","16,310","163,099,994,659,424",61,2,236,1141,1440,3427
5553957443,4/23/2016,4112,"1,529","2,690","269,000,005,722,046",0,0,272,443,715,1776
4319703577,4/23/2016,4935,"1,491","3,310","330,999,994,277,954",0,0,233,546,779,1945
2026352035,4/23/2016,12357,"1,603","7,710","771,000,003,814,697",0,0,432,458,890,1916
5577150313,4/23/2016,7638,"1,338","5,710","571,000,003,814,697",24,24,223,627,898,3152
8378563200,4/23/2016,5709,"1,260","4,530","453,000,020,980,835",19,10,136,740,905,2908
6962181067,4/23/2016,20031,"1,513","13,240","132,399,997,711,182",58,41,347,484,930,2571
4702921684,4/23/2016,15126,"1,233","12,270","122,700,004,577,637",9,66,408,469,952,3691
6117666160,4/23/2016,11495,"1,324","8,680","868,000,030,517,578",0,0,512,468,980,2651
2347167796,4/23/2016,16901,"1,486","11,370","113,699,998,855,591",32,35,360,591,1018,2629
4388161847,4/23/2016,13236,"1,300","10,180","101,800,003,051,758",58,5,215,749,1027,3306
1503960366,4/23/2016,14371,"1,590","9,040","903,999,996,185,303",41,21,262,732,1056,1949
3977333714,4/23/2016,12058,"1,494","8,070","806,999,969,482,422",0,92,252,724,1068,1638
8792009665,4/23/2016,5245,"1,561","3,360","335,999,989,509,583",8,45,232,795,1080,2748
8053475328,4/23/2016,22359,"1,301","17,190","171,900,005,340,576",125,14,223,741,1103,3554
2320127002,4/23/2016,5079,"1,485","3,420","342,000,007,629,395",0,0,242,1129,1371,1804
8583815059,4/23/2016,9423,"1,282","7,350","734,999,990,463,257",7,44,238,1151,1440,3012
1644430081,4/23/2016,6637,"1,374","4,830","482,999,992,370,605",0,15,160,1265,1440,2677
2022484408,4/23/2016,6001,"1,425","4,210","421,000,003,814,697",0,0,249,1191,1440,2069
1927972279,4/23/2016,2945,"1,444","2,040","203,999,996,185,303",0,0,145,1295,1440,2499
3372868164,4/23/2016,7396,"1,459","5,070","507,000,017,166,138",20,2,303,1115,1440,1995
2873212765,4/23/2016,9317,"1,467","6,350","634,999,990,463,257",28,5,330,1077,1440,2021
8253242879,4/23/2016,9282,"1,483","6,260","626,000,022,888,184",30,26,191,1193,1440,2132
4445114986,4/23/2016,4363,"1,489","2,930","29,300,000,667,572",0,0,201,1239,1440,2149
7007744171,4/23/2016,8093,"1,496","5,410","540,999,984,741,211",2,25,223,1190,1440,2284
8877689391,4/23/2016,11200,"1,507","7,430","742,999,982,833,862",102,6,300,1032,1440,3891
1844505072,4/23/2016,3570,"1,513","2,360","235,999,989,509,583",0,0,139,1301,1440,1645
4558609924,4/23/2016,6890,"1,514","4,550","455,000,019,073,486",5,5,308,1122,1440,2085
1624580081,4/23/2016,8538,"1,538","5,550","555,000,019,073,486",0,0,227,1213,1440,1562
7086361926,4/23/2016,2817,"1,556","1,810","180,999,994,277,954",0,0,90,1350,1440,1965
6290855005,4/23/2016,0,0,0,0,33,0,0,1407,1440,2664
5553957443,4/24/2016,1807,"1,531","1,180","117,999,994,754,791",0,0,104,582,686,1507
7086361926,4/24/2016,3520,"1,630","2,160","216,000,008,583,069",0,0,125,566,691,2049
5577150313,4/24/2016,15764,"1,338","11,780","117,799,997,329,712",210,65,141,425,841,4392
4388161847,4/24/2016,10243,"1,300","7,880","788,000,011,444,092",14,8,239,584,845,2885
2026352035,4/24/2016,3490,"1,616","2,160","216,000,008,583,069",0,0,164,704,868,1401
8378563200,4/24/2016,3703,"1,260","2,940","294,000,005,722,046",0,0,135,734,869,2741
4319703577,4/24/2016,4081,"1,489","2,740","274,000,000,953,674",1,5,191,692,889,1880
3977333714,4/24/2016,14112,"1,411","10,000",10,30,95,129,660,914,1655
6962181067,4/24/2016,5029,"1,515","3,320","33,199,999,332,428",0,0,199,720,919,1705
4702921684,4/24/2016,15050,"1,232","12,220","122,200,002,670,288",15,95,281,542,933,3538
2347167796,4/24/2016,9471,"1,513","6,260","626,000,022,888,184",0,0,360,584,944,2187
1503960366,4/24/2016,10039,"1,566","6,410","640,999,984,741,211",39,5,238,709,991,1788
6117666160,4/24/2016,7623,"1,323","5,760","576,000,022,888,184",0,0,362,711,1073,2305
8792009665,4/24/2016,4000,"1,538","2,600","259,999,990,463,257",3,8,19,1410,1440,1799
8253242879,4/24/2016,8905,"1,249","7,130","713,000,011,444,092",41,4,82,1313,1440,1976
8583815059,4/24/2016,8286,"1,283","6,460","646,000,003,814,697",2,44,206,1188,1440,2889
2022484408,4/24/2016,13481,"1,311","10,280","102,799,997,329,712",37,26,216,1161,1440,2529
6290855005,4/24/2016,5896,"1,322","4,460","446,000,003,814,697",0,0,258,1182,1440,2703
1644430081,4/24/2016,3321,"1,378","2,410","241,000,008,583,069",0,0,89,1351,1440,2413
6775888955,4/24/2016,2153,"1,398","1,540","153,999,996,185,303",11,18,11,1400,1440,2053
1927972279,4/24/2016,2090,"1,441","1,450","145,000,004,768,372",1,6,75,1358,1440,2324
3372868164,4/24/2016,6731,"1,466","4,590","459,000,015,258,789",14,7,292,1127,1440,1921
2873212765,4/24/2016,6873,"1,469","4,680","467,999,982,833,862",46,1,190,1203,1440,1898
2320127002,4/24/2016,4165,"1,482","2,810","280,999,994,277,954",0,0,204,1236,1440,1725
4445114986,4/24/2016,5002,"1,489","3,360","335,999,989,509,583",0,0,244,1196,1440,2247
7007744171,4/24/2016,11085,"1,494","7,420","742,000,007,629,395",0,0,419,1021,1440,2667
4558609924,4/24/2016,8563,"1,513","5,660","565,999,984,741,211",0,0,395,1045,1440,2173
1624580081,4/24/2016,6076,"1,538","3,950","395,000,004,768,372",16,18,185,1221,1440,1617
8877689391,4/24/2016,16674,"1,059","15,740","157,399,997,711,182",64,1,227,1148,1440,3455
8053475328,4/24/2016,22988,"1,281","17,950","179,500,007,629,395",129,33,182,1096,1440,3577
4319703577,4/25/2016,9259,"1,491","6,210","621,000,003,814,697",0,8,390,544,942,2314
7086361926,4/25/2016,10091,"1,480","6,820","682,000,017,166,138",69,39,129,706,943,2752
2347167796,4/25/2016,9482,"1,486","6,380","638,000,011,444,092",15,11,277,653,956,2095
8378563200,4/25/2016,12405,"1,261","9,840","984,000,015,258,789",117,16,141,692,966,4005
3977333714,4/25/2016,11177,"1,318","8,480","847,999,954,223,633",50,9,133,781,973,1570
6962181067,4/25/2016,13239,"1,428","9,270","907,999,992,370,605",35,31,282,637,985,2194
5553957443,4/25/2016,10946,"1,522","7,190","719,000,005,722,046",51,11,201,732,995,2033
4702921684,4/25/2016,9167,"1,234","7,430","742,999,982,833,862",6,15,270,730,1021,3064
5577150313,4/25/2016,6393,"1,337","4,780","478,000,020,980,835",61,38,214,743,1056,3374
2026352035,4/25/2016,6017,"1,613","3,730","373,000,001,907,349",0,0,260,821,1081,1576
4445114986,4/25/2016,3385,"1,491","2,270","226,999,998,092,651",0,0,179,916,1095,2070
1503960366,4/25/2016,15355,"1,567","9,800","980,000,019,073,486",73,14,216,814,1117,2013
1927972279,4/25/2016,1520,"1,382","1,100","109,999,999,403,954",0,0,12,1303,1315,2100
4558609924,4/25/2016,8095,"1,513","5,350","534,999,990,463,257",18,10,340,993,1361,2225
4388161847,4/25/2016,12961,"1,300","9,970","997,000,026,702,881",11,31,301,1054,1397,3288
8583815059,4/25/2016,4503,"1,283","3,510","350,999,999,046,326",18,6,122,1294,1440,2547
6290855005,4/25/2016,7802,"1,322","5,900","590,000,009,536,743",8,3,249,1180,1440,2771
1644430081,4/25/2016,3580,"1,377","2,600","259,999,990,463,257",8,1,94,1337,1440,2497
6775888955,4/25/2016,6474,"1,395","4,640","46,399,998,664,856",33,13,92,1302,1440,2484
2022484408,4/25/2016,11369,"1,419","8,010","801,000,022,888,184",44,8,217,1171,1440,2470
3372868164,4/25/2016,5995,"1,466","4,090","409,000,015,258,789",0,0,416,1024,1440,2010
2320127002,4/25/2016,3588,"1,483","2,420","242,000,007,629,395",3,5,152,1280,1440,1654
8877689391,4/25/2016,12986,"1,486","8,740","873,999,977,111,816",113,8,218,1101,1440,3802
2873212765,4/25/2016,7373,"1,489","4,950","494,999,980,926,514",0,0,359,1081,1440,1907
8253242879,4/25/2016,6829,"1,514","4,510","451,000,022,888,184",7,54,118,1261,1440,1909
1624580081,4/25/2016,6497,"1,540","4,220","421,999,979,019,165",0,0,202,1238,1440,1492
8053475328,4/25/2016,20500,"1,307","15,690","156,899,995,803,833",118,9,209,1104,1440,3403
7007744171,4/25/2016,18229,"1,366","13,340","121,999,998,092,651",51,24,379,986,1440,3055
8378563200,4/26/2016,16208,"1,261","12,850","128,500,003,814,697",90,18,161,593,862,3763
4388161847,4/26/2016,9461,"1,300","7,280","728,000,020,980,835",14,23,224,673,934,2929
2347167796,4/26/2016,5980,"1,514","3,950","395,000,004,768,372",0,0,227,732,959,1861
7086361926,4/26/2016,10387,"1,469","7,070","707,000,017,166,138",70,33,132,726,961,2781
4319703577,4/26/2016,9899,"1,491","6,640","66,399,998,664,856",8,21,288,649,966,2236
6962181067,4/26/2016,10433,"1,512","6,900","690,000,009,536,743",36,7,254,680,977,2012
4702921684,4/26/2016,6108,"1,234","4,950","494,999,980,926,514",1,8,216,765,990,2784
5577150313,4/26/2016,5325,"1,338","3,980","398,000,001,907,349",38,32,181,759,1010,3088
5553957443,4/26/2016,11886,"1,532","7,760","776,000,022,888,184",40,18,238,750,1046,2093
4445114986,4/26/2016,6326,"1,434","4,410","440,999,984,741,211",29,1,180,839,1049,2291
3977333714,4/26/2016,11388,"1,494","7,620","761,999,988,555,908",7,95,170,797,1069,1551
1503960366,4/26/2016,13755,"1,565","8,790","878,999,996,185,303",31,23,279,833,1166,1970
1927972279,4/26/2016,3761,"1,447","2,600","259,999,990,463,257",0,0,192,1058,1250,2638
2026352035,4/26/2016,5933,"1,612","3,680","36,800,000,667,572",0,0,288,1018,1306,1595
4558609924,4/26/2016,9148,"1,512","6,050","605,000,019,073,486",12,41,283,1062,1398,2223
6117666160,4/26/2016,9543,"1,324","7,210","721,000,003,814,697",0,7,352,1077,1436,2450
8792009665,4/26/2016,13210,"1,554","8,500","850,000,023,841,858",0,0,80,1360,1440,1928
8583815059,4/26/2016,10499,"1,282","8,190","81,899,995,803,833",1,91,214,1134,1440,3093
8877689391,4/26/2016,11101,"1,317","8,430","843,000,030,517,578",22,3,258,1157,1440,2860
8053475328,4/26/2016,12685,"1,319","9,620","961,999,988,555,908",68,5,185,1182,1440,2846
6775888955,4/26/2016,7091,"1,346","5,270","526,999,998,092,651",42,30,47,1321,1440,2584
1644430081,4/26/2016,9919,"1,376","7,210","721,000,003,814,697",11,41,223,1165,1440,3123
2022484408,4/26/2016,10119,"1,407","7,190","719,000,005,722,046",55,24,275,1086,1440,2793
3372868164,4/26/2016,8283,"1,431","5,790","578,999,996,185,303",22,2,333,1083,1440,2057
2320127002,4/26/2016,3409,"1,482","2,300","229,999,995,231,628",0,0,147,1293,1440,1632
2873212765,4/26/2016,8242,"1,488","5,540","553,999,996,185,303",2,5,309,1124,1440,1882
7007744171,4/26/2016,15090,"1,494","10,100","101,000,003,814,697",16,22,424,978,1440,2939
8253242879,4/26/2016,4562,"1,501","3,040","303,999,996,185,303",19,14,108,1299,1440,1813
1624580081,4/26/2016,2826,"1,536","1,840","18,400,000,333,786",0,0,140,1300,1440,1402
2026352035,4/27/2016,6088,"1,615","3,770","376,999,998,092,651",0,0,286,586,872,1593
6117666160,4/27/2016,9411,"1,324","7,110","71,100,001,335,144",0,0,458,417,875,2576
8378563200,4/27/2016,7359,"1,260","5,840","584,000,015,258,789",4,4,192,676,876,3061
3977333714,4/27/2016,7193,"1,427","5,040","503,999,996,185,303",0,10,176,714,900,1377
2347167796,4/27/2016,11423,"1,507","7,580","757,999,992,370,605",26,9,295,623,953,2194
5553957443,4/27/2016,10538,"1,532","6,880","688,000,011,444,092",16,16,206,745,983,1922
4388161847,4/27/2016,11193,"1,300","8,610","860,999,965,667,725",11,48,241,684,984,3074
4702921684,4/27/2016,7047,"1,232","5,720","571,999,979,019,165",1,16,238,733,988,2908
8792009665,4/27/2016,1758,"1,556","1,130","112,999,999,523,163",0,0,112,900,1012,2067
6962181067,4/27/2016,10320,"1,513","6,820","682,000,017,166,138",7,38,279,697,1021,2034
4319703577,4/27/2016,10780,"1,491","7,230","723,000,001,907,349",6,47,300,680,1033,2324
7086361926,4/27/2016,11107,"1,332","8,340","834,000,015,258,789",55,6,145,829,1035,2693
5577150313,4/27/2016,6805,"1,324","5,140","51,399,998,664,856",63,16,190,773,1042,3294
4445114986,4/27/2016,7243,"1,440","5,030","503,000,020,980,835",32,1,194,839,1066,2361
8253242879,4/27/2016,10232,"1,251","8,180","818,000,030,517,578",45,5,104,1286,1440,2008
8053475328,4/27/2016,12422,"1,265","9,820","981,999,969,482,422",60,10,183,1187,1440,2852
8583815059,4/27/2016,12474,"1,282","9,730","972,999,954,223,633",77,5,129,1229,1440,3142
6290855005,4/27/2016,5565,"1,322","4,210","421,000,003,814,697",0,0,287,1153,1440,2743
7007744171,4/27/2016,13541,"1,325","10,220","90,600,004,196,167",50,12,337,1041,1440,2830
1644430081,4/27/2016,3032,"1,378","2,200","220,000,004,768,372",0,0,118,1322,1440,2489
2022484408,4/27/2016,10159,"1,425","7,130","713,000,011,444,092",19,20,282,1119,1440,2463
3372868164,4/27/2016,7904,"1,458","5,420","542,000,007,629,395",24,13,346,1057,1440,2095
2320127002,4/27/2016,1715,"1,478","1,160","11,599,999,666,214",0,0,82,1358,1440,1481
1503960366,4/27/2016,18134,"1,485","12,210","12,210,000,038,147",78,11,243,1108,1440,2159
2873212765,4/27/2016,3516,"1,490","2,360","235,999,989,509,583",46,0,197,1197,1440,1966
4558609924,4/27/2016,9557,"1,512","6,320","632,000,017,166,138",27,14,312,1087,1440,2098
1624580081,4/27/2016,8367,"1,538","5,440","544,000,005,722,046",17,36,154,1233,1440,1670
8877689391,4/27/2016,23629,"1,144","20,650","206,499,996,185,303",93,8,235,1104,1440,3808
1844505072,4/27/2016,4,0,0,0,0,0,1,1439,1440,1348
8378563200,4/28/2016,5417,"1,260","4,300","430,000,019,073,486",11,10,139,711,871,2884
6117666160,4/28/2016,3403,"1,309","2,600","259,999,990,463,257",0,0,141,758,899,1879
4319703577,4/28/2016,10817,"1,486","7,280","728,000,020,980,835",13,8,359,552,932,2367
5553957443,4/28/2016,11393,"1,493","7,630","763,000,011,444,092",49,13,165,727,954,1999
6962181067,4/28/2016,12627,"1,512","8,350","835,000,038,146,973",38,8,288,621,955,2182
2026352035,4/28/2016,6375,"1,614","3,950","395,000,004,768,372",0,0,331,626,957,1649
5577150313,4/28/2016,9841,"1,324","7,430","742,999,982,833,862",99,51,141,692,983,3580
4702921684,4/28/2016,9023,"1,233","7,320","732,000,017,166,138",14,9,232,738,993,3033
2347167796,4/28/2016,5439,"1,511","3,600","359,999,990,463,257",0,0,229,764,993,1854
4445114986,4/28/2016,4493,"1,493","3,010","300,999,999,046,326",0,0,236,762,998,2203
3977333714,4/28/2016,7114,"1,458","4,880","488,000,011,444,092",15,8,190,804,1017,1407
8792009665,4/28/2016,6157,"1,563","3,940","394,000,005,722,046",0,0,310,714,1024,2780
1503960366,4/28/2016,13154,"1,542","8,530","852,999,973,297,119",48,28,189,782,1047,1898
7086361926,4/28/2016,11584,"1,485","7,800","780,000,019,073,486",54,48,161,810,1073,2862
4388161847,4/28/2016,10074,"1,300","7,750",7.75,19,9,234,878,1140,2969
1927972279,4/28/2016,1675,"1,444","1,160","11,599,999,666,214",0,0,95,1167,1262,2351
4558609924,4/28/2016,9451,"1,512","6,250",6.25,1,11,367,985,1364,2185
8583815059,4/28/2016,6174,"1,281","4,820","482,000,017,166,138",0,28,203,1209,1440,2757
6290855005,4/28/2016,5731,"1,324","4,330","432,999,992,370,605",0,0,255,1185,1440,2687
1644430081,4/28/2016,9405,"1,375","6,840","684,000,015,258,789",3,53,227,1157,1440,3108
2022484408,4/28/2016,10140,"1,424","7,120","711,999,988,555,908",6,20,291,1123,1440,2296
2873212765,4/28/2016,7913,"1,463","5,410","540,999,984,741,211",28,7,213,1192,1440,1835
3372868164,4/28/2016,5512,"1,466","3,760","375,999,999,046,326",0,0,385,1055,1440,1972
2320127002,4/28/2016,1532,"1,487","1,030","102,999,997,138,977",0,0,76,1364,1440,1473
7007744171,4/28/2016,15128,"1,495","10,120","101,199,998,855,591",16,16,401,1007,1440,2836
8253242879,4/28/2016,2718,"1,510","1,800","179,999,995,231,628",11,16,20,1393,1440,1580
1844505072,4/28/2016,6907,"1,511","4,570","457,000,017,166,138",0,0,302,1138,1440,1992
1624580081,4/28/2016,2759,"1,541","1,790","178,999,996,185,303",0,5,115,1320,1440,1401
8053475328,4/28/2016,15447,"1,246","12,400","123,999,996,185,303",90,9,153,1188,1440,3062
8877689391,4/28/2016,14890,"1,318","11,300","113,000,001,907,349",58,8,231,1143,1440,3060
6775888955,4/28/2016,703,"1,406",500,0.5,2,13,15,1410,1440,1993
2026352035,4/29/2016,7604,"1,614","4,710","471,000,003,814,697",0,0,352,492,844,1692
4319703577,4/29/2016,7990,"1,491","5,360","53,600,001,335,144",6,18,289,624,937,2175
6117666160,4/29/2016,9592,"1,325","7,240","723,999,977,111,816",0,0,461,479,940,2560
8378563200,4/29/2016,6175,"1,260","4,900","490,000,009,536,743",3,7,172,767,949,2982
3977333714,4/29/2016,10645,"1,374","7,750",7.75,36,32,150,744,962,1545
4702921684,4/29/2016,9930,"1,234","8,050","805,000,019,073,486",12,19,267,692,990,3165
8792009665,4/29/2016,8360,"1,563","5,350","534,999,990,463,257",6,14,380,634,1034,3101
5577150313,4/29/2016,7924,"1,339","5,920","592,000,007,629,395",97,36,165,739,1037,3544
5553957443,4/29/2016,12764,"1,532","8,330","832,999,992,370,605",46,15,270,709,1040,2169
6962181067,4/29/2016,10762,"1,514","7,110","71,100,001,335,144",12,15,369,645,1041,2254
1503960366,4/29/2016,11181,"1,564","7,150","715,000,009,536,743",16,12,243,815,1086,1837
1644430081,4/29/2016,3176,"1,375","2,310","230,999,994,277,954",0,0,120,1193,1313,2498
1844505072,4/29/2016,4920,"1,514","3,250",3.25,0,0,247,1082,1329,1856
4445114986,4/29/2016,4676,"1,489","3,140","314,000,010,490,417",0,0,226,1106,1332,2196
4558609924,4/29/2016,7833,"1,512","5,180","517,999,982,833,862",15,29,197,1096,1337,1918
8253242879,4/29/2016,6260,"1,469","4,260","426,000,022,888,184",16,14,136,1257,1423,1854
2320127002,4/29/2016,9240,"1,490","6,200","620,000,004,768,372",0,0,45,1395,1440,1410
8053475328,4/29/2016,12315,"1,276","9,650","964,999,961,853,027",58,8,159,1215,1440,2794
4388161847,4/29/2016,9232,"1,300","7,100","709,999,990,463,257",13,16,236,1175,1440,2979
8877689391,4/29/2016,9733,"1,317","7,390","73,899,998,664,856",18,5,210,1207,1440,2698
2022484408,4/29/2016,10245,"1,425","7,190","719,000,005,722,046",21,40,281,1098,1440,2611
3372868164,4/29/2016,9135,"1,466","6,230","623,000,001,907,349",0,0,402,1038,1440,2044
2873212765,4/29/2016,7365,"1,488","4,950","494,999,980,926,514",20,23,206,1191,1440,1780
1624580081,4/29/2016,2390,"1,542","1,550","154,999,995,231,628",0,0,150,1290,1440,1404
7086361926,4/29/2016,7881,"1,592","4,950","494,999,980,926,514",24,36,182,1198,1440,2616
8583815059,4/29/2016,15168,"1,282","11,830","118,299,999,237,061",46,67,258,1069,1440,3513
7007744171,4/29/2016,20067,"1,403","14,300","134,200,000,762,939",55,42,382,961,1440,3180
1844505072,4/30/2016,4014,"1,503","2,670","267,000,007,629,395",0,0,184,218,402,1763
5553957443,4/30/2016,12020,"1,541","7,800","779,999,971,389,771",0,0,84,506,590,1463
2026352035,4/30/2016,4729,"1,614","2,930","29,300,000,667,572",0,0,233,594,827,1506
4388161847,4/30/2016,12533,"1,300","9,640","964,000,034,332,275",14,43,300,537,894,3283
8378563200,4/30/2016,2946,"1,259","2,340","233,999,991,416,931",0,0,121,780,901,2660
4319703577,4/30/2016,8221,"1,489","5,520","551,999,998,092,651",6,38,196,695,935,2092
7086361926,4/30/2016,14560,"1,547","9,410","940,999,984,741,211",42,17,308,584,951,2995
3977333714,4/30/2016,13238,"1,439","9,200","919,999,980,926,514",43,52,194,687,976,1650
1503960366,4/30/2016,14673,"1,586","9,250",9.25,52,34,217,712,1015,1947
6962181067,4/30/2016,10081,"1,514","6,660","665,999,984,741,211",32,16,237,731,1016,2002
4702921684,4/30/2016,10144,"1,233","8,230","822,999,954,223,633",4,36,263,728,1031,3115
5577150313,4/30/2016,12363,"1,338","9,240","923,999,977,111,816",207,45,163,621,1036,4501
8792009665,4/30/2016,7174,"1,563","4,590","459,000,015,258,789",10,20,301,749,1080,2896
4445114986,4/30/2016,6222,"1,489","4,180","417,999,982,833,862",0,0,290,797,1087,2363
1644430081,4/30/2016,18213,"1,376","13,240","132,399,997,711,182",9,71,402,816,1298,3846
6117666160,4/30/2016,6987,"1,323","5,280","528,000,020,980,835",0,0,343,1040,1383,2275
8053475328,4/30/2016,7135,"1,276","5,590","559,000,015,258,789",27,1,131,1281,1440,2408
8583815059,4/30/2016,10085,"1,281","7,870","786,999,988,555,908",2,28,317,1093,1440,3164
6290855005,4/30/2016,6744,"1,322","5,100","509,999,990,463,257",0,0,324,1116,1440,2843
6775888955,4/30/2016,2503,"1,398","1,790","178,999,996,185,303",3,9,84,1344,1440,2280
3372868164,4/30/2016,5250,"1,466","3,580","357,999,992,370,605",17,4,300,1119,1440,1946
2320127002,4/30/2016,4571,"1,484","3,080","307,999,992,370,605",0,0,234,1206,1440,1779
2873212765,4/30/2016,8452,"1,488","5,680","567,999,982,833,862",5,20,248,1167,1440,1830
7007744171,4/30/2016,3761,"1,492","2,520","251,999,998,092,651",0,0,200,1240,1440,2051
1624580081,4/30/2016,6474,"1,506","4,300","430,000,019,073,486",11,23,224,1182,1440,1655
4558609924,4/30/2016,10319,"1,513","6,820","682,000,017,166,138",7,29,293,1111,1440,2105
8877689391,4/30/2016,27745,"1,038","26,720","267,199,993,133,545",124,4,223,1089,1440,4398
2022484408,4/30/2016,18387,"1,424","12,910","129,099,998,474,121",13,23,361,1043,1440,2732
1844505072,5/1/2016,2573,"1,514","1,700","170,000,004,768,372",0,7,75,585,667,1541
5553957443,5/1/2016,5164,"1,532","3,370","336,999,988,555,908",0,0,237,436,673,1747
4388161847,5/1/2016,10255,"1,300","7,890","78,899,998,664,856",12,15,241,579,847,2926
8378563200,5/1/2016,11419,"1,260","9,060","90,600,004,196,167",71,10,127,669,877,3369
3977333714,5/1/2016,10414,"1,473","7,070","707,000,017,166,138",41,40,124,691,896,1501
4319703577,5/1/2016,12510,"1,489","8,400","839,999,973,773,956",0,0,67,836,903,1593
2026352035,5/1/2016,3609,"1,583","2,280","227,999,997,138,977",0,0,191,716,907,1447
8792009665,5/1/2016,1619,"1,557","1,040","103,999,996,185,303",0,0,79,834,913,1962
6117666160,5/1/2016,8915,"1,325","6,730","673,000,001,907,349",0,0,397,525,922,2361
6962181067,5/1/2016,5454,"1,511","3,610","360,999,989,509,583",0,0,215,722,937,1740
5577150313,5/1/2016,13368,"1,338","9,990","998,999,977,111,816",194,72,178,499,943,4546
4445114986,5/1/2016,5232,"1,491","3,510","350,999,999,046,326",0,0,240,741,981,2246
7086361926,5/1/2016,12390,"1,535","8,070","806,999,969,482,422",30,15,258,685,988,2730
3372868164,5/1/2016,3077,"1,465","2,100","209,999,990,463,257",0,0,172,842,1014,1237
1503960366,5/1/2016,10602,"1,557","6,810","680,999,994,277,954",33,35,246,730,1044,1820
1644430081,5/1/2016,6132,"1,375","4,460","446,000,003,814,697",3,24,146,908,1081,2696
4558609924,5/1/2016,3428,"1,510","2,270","226,999,998,092,651",0,0,190,1121,1311,1692
7007744171,5/1/2016,5600,"1,493","3,750",3.75,0,0,237,1142,1379,2225
8053475328,5/1/2016,11700,"1,376","8,500","850,000,023,841,858",0,0,51,1389,1440,1886
2320127002,5/1/2016,7720,"1,485","5,200","519,999,980,926,514",0,0,40,1400,1440,1403
8583815059,5/1/2016,4512,"1,282","3,520","351,999,998,092,651",10,2,117,1311,1440,2596
8877689391,5/1/2016,10930,"1,314","8,320","831,999,969,482,422",36,12,166,1226,1440,2786
6290855005,5/1/2016,9837,"1,322","7,440","744,000,005,722,046",8,95,282,1055,1440,3327
6775888955,5/1/2016,2487,"1,397","1,780","177,999,997,138,977",9,34,50,1347,1440,2319
2022484408,5/1/2016,10538,"1,424","7,400","740,000,009,536,743",25,28,245,1142,1440,2380
1927972279,5/1/2016,2704,"1,446","1,870","187,000,000,476,837",14,1,70,1355,1440,2411
2873212765,5/1/2016,7399,"1,489","4,970","496,999,979,019,165",7,18,196,1219,1440,1739
1624580081,5/1/2016,36019,"1,285","28,030","280,300,006,866,455",186,63,171,1020,1440,2690
1644430081,5/2/2016,3758,"1,377","2,730","273,000,001,907,349",1,7,148,682,838,2580
4445114986,5/2/2016,6910,"1,455","4,750",4.75,27,4,200,667,898,2336
4319703577,5/2/2016,9261,"1,484","6,240","623,999,977,111,816",0,11,344,585,940,2270
7086361926,5/2/2016,10052,"1,476","6,810","680,999,994,277,954",66,26,139,737,968,2754
5553957443,5/2/2016,9769,"1,531","6,380","638,000,011,444,092",23,9,227,724,983,1996
8378563200,5/2/2016,6064,"1,261","4,810","480,999,994,277,954",63,4,142,802,1011,3491
8792009665,5/2/2016,1831,"1,565","1,170","116,999,995,708,466",0,0,101,916,1017,2015
5577150313,5/2/2016,7439,"1,338","5,560","555,999,994,277,954",37,20,235,732,1024,3014
6962181067,5/2/2016,12912,"1,512","8,540","853,999,996,185,303",18,39,313,655,1025,2162
3977333714,5/2/2016,16520,"1,495","11,050","110,500,001,907,349",24,143,176,713,1056,1760
2026352035,5/2/2016,7018,"1,613","4,350","434,999,990,463,257",0,0,355,716,1071,1690
1503960366,5/2/2016,14727,"1,517","9,710","971,000,003,814,697",41,15,277,798,1131,2004
4388161847,5/2/2016,10096,"1,202","8,400","839,999,961,853,027",33,4,204,935,1176,3147
4702921684,5/2/2016,7245,"1,224","5,920","592,000,007,629,395",5,40,195,1131,1371,2859
4020332650,5/2/2016,4750,"1,397","3,400","340,000,003,576,279",0,11,31,1350,1392,2207
8583815059,5/2/2016,8469,"1,281","6,610","66,100,001,335,144",0,0,0,1440,1440,2894
8877689391,5/2/2016,4790,"1,316","3,640","364,000,010,490,417",0,0,105,1335,1440,2189
6290855005,5/2/2016,6781,"1,322","5,130","513,000,011,444,092",0,0,268,1172,1440,2725
6117666160,5/2/2016,4933,"1,323","3,730","373,000,001,907,349",0,0,236,1204,1440,2044
8053475328,5/2/2016,1969,"1,377","1,430","142,999,994,754,791",0,0,95,1345,1440,1988
7007744171,5/2/2016,13041,"1,421","9,180","872,000,026,702,881",64,14,250,1112,1440,2642
2022484408,5/2/2016,10379,"1,424","7,290","728,999,996,185,303",36,8,277,1119,1440,2473
1927972279,5/2/2016,3790,"1,447","2,620","261,999,988,555,908",16,8,94,1322,1440,2505
1624580081,5/2/2016,7155,"1,451","4,930","492,999,982,833,862",7,6,166,1261,1440,1497
2320127002,5/2/2016,3634,"1,483","2,450","245,000,004,768,372",5,6,123,1306,1440,1613
2873212765,5/2/2016,7525,"1,487","5,060","505,999,994,277,954",0,7,334,1099,1440,1878
4558609924,5/2/2016,7891,"1,512","5,220","521,999,979,019,165",0,0,383,1057,1440,2066
8792009665,5/3/2016,2421,"1,562","1,550","154,999,995,231,628",0,0,156,739,895,2297
5577150313,5/3/2016,11045,"1,339","8,250",8.25,97,8,212,580,897,3795
3977333714,5/3/2016,14335,"1,495","9,590","959,000,015,258,789",47,41,258,594,940,1710
6962181067,5/3/2016,12109,"1,491","8,120","811,999,988,555,908",21,36,267,654,978,2072
4445114986,5/3/2016,7502,"1,448","5,180","517,999,982,833,862",30,2,233,725,990,2421
4319703577,5/3/2016,9648,"1,491","6,470","646,999,979,019,165",8,26,287,669,990,2235
7086361926,5/3/2016,10288,"1,522","6,760","676,000,022,888,184",57,36,152,761,1006,2754
4702921684,5/3/2016,9454,"1,233","7,670","767,000,007,629,395",0,0,313,729,1042,3145
8378563200,5/3/2016,8712,"1,261","6,910","690,999,984,741,211",71,20,195,822,1108,3784
5553957443,5/3/2016,12848,"1,531","8,390","839,000,034,332,275",26,29,247,812,1114,2116
4020332650,5/3/2016,4496,"1,396","3,220","322,000,002,861,023",0,0,174,950,1124,2828
1503960366,5/3/2016,15103,"1,563","9,660","965,999,984,741,211",50,24,254,816,1144,1990
2026352035,5/3/2016,5992,"1,611","3,720","372,000,002,861,023",0,0,304,981,1285,1604
4388161847,5/3/2016,12727,"1,300","9,790","978,999,996,185,303",18,18,306,984,1326,3290
6775888955,5/3/2016,9,1,"10,000","999,999,977,648,258",0,0,1,1439,1440,1843
1927972279,5/3/2016,13260,"1,441","9,200","920,000,016,689,301",10,0,17,1413,1440,2195
8583815059,5/3/2016,12015,"1,282","9,370","936,999,988,555,908",0,0,0,1440,1440,3212
8877689391,5/3/2016,10818,"1,318","8,210","821,000,003,814,697",19,3,229,1189,1440,2817
6290855005,5/3/2016,6047,"1,323","4,570","457,000,017,166,138",0,0,240,1200,1440,2671
7007744171,5/3/2016,14510,"1,335","10,870","971,000,003,814,697",58,31,330,1021,1440,2976
1644430081,5/3/2016,12850,"1,376","9,340","934,000,015,258,789",10,94,221,1115,1440,3324
2022484408,5/3/2016,12183,"1,394","8,740","873,999,977,111,816",72,14,250,1104,1440,2752
2320127002,5/3/2016,7443,"1,483","5,020","501,999,998,092,651",20,10,206,1204,1440,1878
2873212765,5/3/2016,7412,"1,488","4,980","498,000,001,907,349",1,6,363,1070,1440,1906
4558609924,5/3/2016,5267,"1,514","3,480","348,000,001,907,349",21,10,237,1172,1440,1953
1844505072,5/3/2016,4059,"1,515","2,680","26,800,000,667,572",0,0,184,1256,1440,1742
1624580081,5/3/2016,2100,"1,533","1,370","137,000,000,476,837",0,0,96,1344,1440,1334
8053475328,5/3/2016,15484,"1,301","11,900","118,999,996,185,303",87,22,165,1166,1440,3023
4445114986,5/5/2016,3800,"1,490","2,550","254,999,995,231,628",2,6,185,734,927,2120
6962181067,5/5/2016,10524,"1,512","6,960","696,000,003,814,697",14,22,305,591,932,2066
2026352035,5/5/2016,12167,"1,614","7,540","753,999,996,185,303",0,0,475,479,954,1926
3977333714,5/5/2016,12312,"1,435","8,580","857,999,992,370,605",14,88,178,680,960,1618
6117666160,5/5/2016,9799,"1,324","7,400","740,000,009,536,743",0,0,487,479,966,2636
4702921684,5/5/2016,8614,"1,232","6,990","698,999,977,111,816",8,5,241,745,999,3006
5553957443,5/5/2016,14331,"1,507","9,510","951,000,022,888,184",44,29,241,692,1006,2156
8378563200,5/5/2016,8567,"1,262","6,790","678,999,996,185,303",66,3,214,764,1047,3783
4388161847,5/5/2016,9603,"1,301","7,380","738,000,011,444,092",12,39,199,896,1146,2899
1503960366,5/5/2016,14070,"1,581","8,900","889,999,961,853,027",45,24,250,857,1176,1959
4020332650,5/5/2016,11728,"1,391","8,430","843,000,030,517,578",38,42,196,916,1192,3429
4319703577,5/5/2016,13658,"1,439","9,490","948,999,977,111,816",27,34,328,957,1346,2530
5577150313,5/5/2016,7550,"1,339","5,640","56,399,998,664,856",45,21,143,1153,1362,3004
8583815059,5/5/2016,12427,"1,282","9,690","96,899,995,803,833",0,0,70,1370,1440,3266
8877689391,5/5/2016,14055,"1,317","10,670","106,700,000,762,939",67,15,188,1170,1440,3052
6290855005,5/5/2016,6339,"1,323","4,790","478,999,996,185,303",0,0,239,1201,1440,2682
1644430081,5/5/2016,4363,"1,368","3,190","319,000,005,722,046",6,12,81,1341,1440,2463
2022484408,5/5/2016,11895,"1,425","8,350","835,000,038,146,973",55,20,253,1112,1440,2609
2873212765,5/5/2016,8314,"1,482","5,610","56,100,001,335,144",13,23,311,1093,1440,1971
2320127002,5/5/2016,5202,"1,482","3,510","350,999,999,046,326",0,11,223,1206,1440,1780
1844505072,5/5/2016,2237,"1,511","1,480","148,000,001,907,349",0,0,120,1320,1440,1589
4558609924,5/5/2016,10611,"1,514","7,010","701,000,022,888,184",14,8,370,1048,1440,2262
7086361926,5/5/2016,8564,"1,529","5,600","559,999,990,463,257",24,14,149,1253,1440,2386
1624580081,5/5/2016,2470,"1,534","1,610","161,000,001,430,511",0,0,117,1323,1440,1370
8053475328,5/5/2016,14990,"1,302","11,510","115,100,002,288,818",93,9,130,1208,1440,2950
7007744171,5/5/2016,15010,"1,352","11,100","10,039,999,961,853",53,23,317,1047,1440,2933
6117666160,5/6/2016,3365,"1,256","2,680","26,800,000,667,572",0,0,133,673,806,1838
2026352035,5/6/2016,8198,"1,614","5,080","507,999,992,370,605",0,0,383,511,894,1736
4702921684,5/6/2016,6943,"1,233","5,630","563,000,011,444,092",1,16,207,682,906,2859
3977333714,5/6/2016,11677,"1,410","8,280","827,999,973,297,119",29,55,168,676,928,1590
6962181067,5/6/2016,5908,"1,511","3,910","391,000,008,583,069",0,0,299,717,1016,1850
5553957443,5/6/2016,9632,"1,531","6,290","628,999,996,185,303",21,9,229,761,1020,1916
4319703577,5/6/2016,9524,"1,483","6,420","642,000,007,629,395",6,11,314,692,1023,2266
4020332650,5/6/2016,4369,"1,396","3,130","313,000,011,444,092",0,0,177,855,1032,2704
4445114986,5/6/2016,4514,"1,490","3,030","302,999,997,138,977",0,0,229,809,1038,2211
1503960366,5/6/2016,12159,"1,514","8,030","802,999,973,297,119",24,6,289,754,1073,1896
8378563200,5/6/2016,7045,"1,260","5,590","559,000,015,258,789",74,5,166,831,1076,3644
7086361926,5/6/2016,12461,"1,487","8,380","838,000,011,444,092",84,35,154,834,1107,2924
1844505072,5/6/2016,4400,"1,467","3,000","299,999,993,294,477",0,0,2,1438,1440,1351
8583815059,5/6/2016,5843,"1,281","4,560","455,999,994,277,954",2,22,166,1250,1440,2683
4388161847,5/6/2016,13175,"1,301","10,130","101,300,001,144,409",33,45,262,1100,1440,3425
6290855005,5/6/2016,6116,"1,324","4,620","461,999,988,555,908",0,0,305,1135,1440,2806
5577150313,5/6/2016,4950,"1,338","3,700","370,000,004,768,372",41,16,79,1304,1440,2643
1644430081,5/6/2016,9787,"1,375","7,120","711,999,988,555,908",11,6,369,1054,1440,3328
6775888955,5/6/2016,4697,"1,394","3,370","336,999,988,555,908",12,35,75,1318,1440,2496
2022484408,5/6/2016,10227,"1,424","7,180","717,999,982,833,862",24,17,295,1104,1440,2498
1927972279,5/6/2016,2091,"1,442","1,450","145,000,004,768,372",0,0,108,1332,1440,2383
2320127002,5/6/2016,4878,"1,483","3,290","328,999,996,185,303",0,0,204,1236,1440,1742
7007744171,5/6/2016,11459,"1,494","7,670","767,000,007,629,395",44,13,247,1136,1440,2553
4558609924,5/6/2016,3755,"1,514","2,480","248,000,001,907,349",0,0,202,1238,1440,1722
1624580081,5/6/2016,1727,"1,542","1,120","112,000,000,476,837",0,0,102,1338,1440,1341
8877689391,5/6/2016,21727,"1,123","19,340","193,400,001,525,879",96,17,232,1095,1440,4015
8053475328,5/6/2016,13953,"1,268","11,000",11,90,15,90,1245,1440,2859
2873212765,5/6/2016,7063,"1,487","4,750",4.75,0,5,370,1065,1440,1910
6775888955,5/7/2016,1967,"1,395","1,410","14,099,999,666,214",2,5,49,551,607,1032
6117666160,5/7/2016,7336,"1,324","5,540","553,999,996,185,303",0,0,412,456,868,2469
7086361926,5/7/2016,12827,"1,513","8,480","847,999,954,223,633",20,42,209,621,892,2739
2026352035,5/7/2016,4193,"1,613","2,600","259,999,990,463,257",0,0,229,665,894,1491
4319703577,5/7/2016,7937,"1,489","5,330","532,999,992,370,605",3,28,279,586,896,2158
4388161847,5/7/2016,22770,"1,298","17,540","175,400,009,155,273",120,56,260,508,944,4022
3977333714,5/7/2016,11550,"1,494","7,730","773,000,001,907,349",0,86,208,703,997,1574
5553957443,5/7/2016,1868,"1,531","1,220","122,000,002,861,023",0,0,96,902,998,1494
4445114986,5/7/2016,5183,"1,444","3,590","358,999,991,416,931",26,4,108,866,1004,2123
8378563200,5/7/2016,4468,"1,262","3,540","353,999,996,185,303",0,0,158,851,1009,2799
4702921684,5/7/2016,14370,"1,233","11,650","116,499,996,185,303",5,46,439,577,1067,3683
6962181067,5/7/2016,6815,"1,525","4,469",4.5,0,0,328,745,1073,1947
1503960366,5/7/2016,11992,"1,555","7,710","771,000,003,814,697",37,46,175,833,1091,1821
8053475328,5/7/2016,19769,"1,262","15,670","156,700,000,762,939",121,20,148,1076,1365,3331
4558609924,5/7/2016,8237,"1,514","5,440","544,000,005,722,046",23,16,233,1116,1388,1973
8583815059,5/7/2016,6117,"1,282","4,770","476,999,998,092,651",0,0,250,1190,1440,2810
6290855005,5/7/2016,5510,"1,321","4,170","417,000,007,629,395",0,0,227,1213,1440,2613
1644430081,5/7/2016,13372,"1,376","9,720","972,000,026,702,881",41,17,243,1139,1440,3404
4020332650,5/7/2016,6132,"1,394","4,400","440,000,009,536,743",0,0,184,1256,1440,2975
2022484408,5/7/2016,6708,"1,424","4,710","471,000,003,814,697",20,2,149,1269,1440,1995
1927972279,5/7/2016,1510,"1,452","1,040","103,999,996,185,303",0,0,48,1392,1440,2229
2873212765,5/7/2016,4940,"1,462","3,380","338,000,011,444,092",75,11,52,1302,1440,1897
2320127002,5/7/2016,7379,"1,485","4,970","496,999,979,019,165",0,0,319,1121,1440,1972
8877689391,5/7/2016,12332,"1,517","8,130","813,000,011,444,092",105,28,271,1036,1440,4142
1624580081,5/7/2016,2104,"1,536","1,370","137,000,000,476,837",0,0,182,1258,1440,1474
5553957443,5/8/2016,6083,"1,521","4,000",4,3,8,210,505,726,1762
4319703577,5/8/2016,3672,"1,493","2,460","246,000,003,814,697",0,0,153,603,756,1792
8378563200,5/8/2016,2943,"1,263","2,330","232,999,992,370,605",0,0,139,621,760,2685
1503960366,5/8/2016,10060,"1,529","6,580","657,999,992,370,605",44,8,203,574,829,1740
6117666160,5/8/2016,7328,"1,325","5,530","553,000,020,980,835",0,0,318,517,835,2250
2026352035,5/8/2016,5528,"1,602","3,450","345,000,004,768,372",0,0,258,610,868,1555
6962181067,5/8/2016,4188,"1,512","2,770","276,999,998,092,651",0,14,151,709,874,1659
4388161847,5/8/2016,17298,"1,203","14,380","143,800,001,144,409",107,38,178,576,899,3934
7086361926,5/8/2016,10677,"1,504","7,100","709,999,990,463,257",32,27,147,695,901,2534
3977333714,5/8/2016,13585,"1,494","9,090","909,000,015,258,789",9,116,171,688,984,1633
4020332650,5/8/2016,5862,"1,396","4,200","419,999,980,926,514",0,0,263,775,1038,3089
4445114986,5/8/2016,7303,"1,490","4,900","490,000,009,536,743",0,8,308,733,1049,2423
1644430081,5/8/2016,6724,"1,375","4,890","48,899,998,664,856",0,0,295,991,1286,2987
4702921684,5/8/2016,12857,"1,233","10,430","104,300,003,051,758",9,125,192,1019,1345,3287
4558609924,5/8/2016,6543,"1,511","4,330","432,999,992,370,605",66,35,238,1019,1358,2666
8583815059,5/8/2016,9217,"1,282","7,190","719,000,005,722,046",3,72,182,1183,1440,2940
8877689391,5/8/2016,10686,"1,318","8,110","810,999,965,667,725",17,4,245,1174,1440,2847
6290855005,5/8/2016,7706,"1,322","5,830","582,999,992,370,605",0,0,251,1189,1440,2712
2022484408,5/8/2016,3292,"1,425","2,310","230,999,994,277,954",0,0,135,1305,1440,1848
2873212765,5/8/2016,8168,"1,474","5,540","553,999,996,185,303",46,0,326,1068,1440,2096
2320127002,5/8/2016,5161,"1,483","3,480","348,000,001,907,349",0,0,247,1193,1440,1821
1624580081,5/8/2016,3427,"1,537","2,230","223,000,001,907,349",0,0,152,1288,1440,1427
8053475328,5/8/2016,22026,"1,248","17,650","176,499,996,185,303",125,14,228,1073,1440,3589
6117666160,5/9/2016,4477,"1,325","3,380","338,000,011,444,092",0,0,197,125,322,1248
4319703577,5/9/2016,10378,"1,491","6,960","696,000,003,814,697",2,14,374,490,880,2345
6962181067,5/9/2016,12342,"1,415","8,720","868,000,030,517,578",43,21,231,607,902,2105
4445114986,5/9/2016,5275,"1,490","3,540","353,999,996,185,303",0,0,266,641,907,2281
2026352035,5/9/2016,10685,"1,614","6,620","661,999,988,555,908",0,0,401,543,944,1869
5553957443,5/9/2016,11611,"1,532","7,580","757,999,992,370,605",59,22,251,667,999,2272
4702921684,5/9/2016,8232,"1,232","6,680","667,999,982,833,862",0,12,253,746,1011,2990
8378563200,5/9/2016,8382,"1,260","6,650","665,000,009,536,743",71,13,171,772,1027,3721
7086361926,5/9/2016,13566,"1,489","9,110","910,999,965,667,725",67,50,171,743,1031,2960
6290855005,5/9/2016,6277,"1,321","4,750",4.75,0,0,264,800,1064,2175
1503960366,5/9/2016,12022,"1,557","7,720","771,999,979,019,165",46,11,206,835,1098,1819
5577150313,5/9/2016,3421,"1,336","2,560","255,999,994,277,954",34,11,70,1099,1214,2489
4388161847,5/9/2016,10218,"1,300","7,860","78,600,001,335,144",6,19,258,1020,1303,3013
4020332650,5/9/2016,4556,"1,393","3,270","326,999,998,092,651",3,5,173,1225,1406,2785
8583815059,5/9/2016,9877,"1,283","7,700","769,999,980,926,514",66,4,110,1260,1440,2947
8053475328,5/9/2016,12465,"1,329","9,380","938,000,011,444,092",66,12,148,1214,1440,2765
1644430081,5/9/2016,6643,"1,375","4,830","482,999,992,370,605",32,6,303,1099,1440,3008
2022484408,5/9/2016,13379,"1,425","9,390","939,000,034,332,275",35,47,297,1061,1440,2709
3977333714,5/9/2016,14687,"1,457","10,080","100,799,999,237,061",8,122,151,1159,1440,1667
2320127002,5/9/2016,3090,"1,486","2,080","207,999,992,370,605",0,0,145,1295,1440,1630
2873212765,5/9/2016,7726,"1,489","5,190","519,000,005,722,046",0,0,345,1095,1440,1906
4558609924,5/9/2016,11451,"1,513","7,570","757,000,017,166,138",6,30,339,1065,1440,2223
1624580081,5/9/2016,1732,"1,533","1,130","112,999,999,523,163",0,0,91,1349,1440,1328
8877689391,5/9/2016,20226,"1,108","18,250",18.25,73,19,217,1131,1440,3710
4319703577,5/10/2016,9487,"1,489","6,370","636,999,988,555,908",3,12,329,555,899,2260
4388161847,5/10/2016,10299,"1,300","7,920","792,000,007,629,395",13,14,267,648,942,3061
5577150313,5/10/2016,8869,"1,334","6,650","665,000,009,536,743",104,37,194,639,974,3841
4020332650,5/10/2016,5546,"1,393","3,980","398,000,001,907,349",0,0,206,774,980,2926
3977333714,5/10/2016,13072,"1,489","8,780","877,999,973,297,119",1,115,196,676,988,1630
6962181067,5/10/2016,15448,"1,513","10,210","10,210,000,038,147",62,34,275,626,997,2361
4702921684,5/10/2016,10613,"1,233","8,610","860,999,965,667,725",1,37,262,701,1001,3172
4445114986,5/10/2016,3915,"1,489","2,630","263,000,011,444,092",0,0,231,783,1014,2181
2026352035,5/10/2016,2540,"1,588","1,600","159,999,996,423,721",0,0,17,1002,1019,1141
1503960366,5/10/2016,12207,"1,571","7,770","776,999,998,092,651",46,31,214,746,1037,1859
8378563200,5/10/2016,6582,"1,261","5,220","521,999,979,019,165",63,13,152,840,1068,3586
5553957443,5/10/2016,16358,"1,527","10,710","10,710,000,038,147",61,40,265,707,1073,2335
7086361926,5/10/2016,14433,"1,338","10,790","10,789,999,961,853",72,23,106,1182,1383,2800
8583815059,5/10/2016,8240,"1,281","6,430","642,999,982,833,862",9,43,162,1226,1440,2846
8877689391,5/10/2016,10733,"1,317","8,150","814,999,961,853,027",18,11,224,1187,1440,2832
1644430081,5/10/2016,9167,"1,376","6,660","665,999,984,741,211",12,19,155,1254,1440,2799
2022484408,5/10/2016,12798,"1,425","8,980","897,999,954,223,633",57,28,271,1084,1440,2797
2320127002,5/10/2016,6227,"1,483","4,200","419,999,980,926,514",0,0,290,1150,1440,1899
2873212765,5/10/2016,8275,"1,488","5,560","555,999,994,277,954",0,0,373,1067,1440,1962
1624580081,5/10/2016,2969,"1,538","1,930","192,999,994,754,791",0,0,139,1301,1440,1393
8053475328,5/10/2016,14810,"1,304","11,360","113,599,996,566,772",96,10,115,1219,1440,2926
4558609924,5/10/2016,6435,"1,514","4,250",4.25,11,18,220,1191,1440,1889